{
   "abstract" : "CSS::Minifier filter for Template Toolkit",
   "author" : [
      "Michael Schout <mschout@cpan.org>"
   ],
   "dynamic_config" : 0,
   "generated_by" : "Dist::Zilla version 5.015, CPAN::Meta::Converter version 2.133380, CPAN::Meta::Converter version 2.142690",
   "license" : [
      "perl_5"
   ],
   "meta-spec" : {
      "url" : "http://search.cpan.org/perldoc?CPAN::Meta::Spec",
      "version" : "2"
   },
   "name" : "Template-Plugin-Filter-Minify-CSS",
   "prereqs" : {
      "build" : {
         "requires" : {}
      },
      "configure" : {
         "requires" : {
            "ExtUtils::MakeMaker" : "6.30"
         }
      },
      "runtime" : {
         "requires" : {
            "CSS::Minifier" : "0",
            "Template" : "2.0",
            "Template::Plugin::Filter" : "0",
            "base" : "0",
            "strict" : "0"
         }
      },
      "test" : {
         "requires" : {
            "Socket" : "0",
            "Template::Test" : "0",
            "Test::More" : "0"
         }
      }
   },
   "release_status" : "stable",
   "resources" : {
      "bugtracker" : {
         "web" : "http://rt.cpan.org/Public/Dist/Display.html?Name=Template-Plugin-Filter-Minify-CSS"
      },
      "homepage" : "http://search.cpan.org/dist/Template-Plugin-Filter-Minify-CSS/",
      "repository" : {
         "type" : "git",
         "url" : "git://github.com/mschout/template-plugin-filter-minify-css.git"
      }
   },
   "version" : "0.95"
}
